gene_name,baseMean,log2FoldChange,padj,n_cells_trt,n_cells_ctrl,drug,concentration,concentration_unit,Cell_Name_Vevo,plate
PSMB1,103.40355,0.21899204,0.56392145,1378,4862,4EGI-1,0.05,uM,A549,1
PSMB5,71.088455,0.008985214,0.98761636,1378,4862,4EGI-1,0.05,uM,A549,1
PSMB6,80.064255,-0.13085714,0.7876025,1378,4862,4EGI-1,0.05,uM,A549,1
PSMB1,119.27556,0.05996874,0.88707834,2165,4862,9-ING-41,0.05,uM,A549,1
PSMB5,81.83639,0.037814416,0.9488992,2165,4862,9-ING-41,0.05,uM,A549,1
PSMB6,92.13035,-0.3793099,0.12642261,2165,4862,9-ING-41,0.05,uM,A549,1
PSMB1,109.23833,-0.007622102,0.9886544,1624,4862,APTO-253,0.05,uM,A549,1
PSMB5,65.943596,-0.7339805,0.0064101764,1624,4862,APTO-253,0.05,uM,A549,1
PSMB6,91.290726,-0.31953862,0.22039837,1624,4862,APTO-253,0.05,uM,A549,1
PSMB1,120.64481,0.28026924,0.2801958,2105,4862,AT7519,0.05,uM,A549,1
PSMB5,86.27937,0.14339115,0.70768833,2105,4862,AT7519,0.05,uM,A549,1
PSMB6,107.09681,0.13741969,0.70964336,2105,4862,AT7519,0.05,uM,A549,1
PSMB1,110.796524,-0.27865592,0.36744902,1789,4862,AZD1390,0.05,uM,A549,1
PSMB5,78.785416,-0.16141978,0.6305032,1789,4862,AZD1390,0.05,uM,A549,1
PSMB6,101.11152,-0.453545,0.0330847,1789,4862,AZD1390,0.05,uM,A549,1
PSMB1,122.123314,0.37492222,0.08662379,1873,4862,AZD2858,0.05,uM,A549,1
PSMB5,87.45272,0.20506723,0.543867,1873,4862,AZD2858,0.05,uM,A549,1
PSMB6,90.25176,-0.18823,0.75403225,1873,4862,AZD2858,0.05,uM,A549,1
PSMB1,128.3677,-0.04483325,0.90125126,1911,4862,AZD-7648,0.05,uM,A549,1
PSMB5,85.02321,-0.30115086,0.27563387,1911,4862,AZD-7648,0.05,uM,A549,1
PSMB6,94.58917,-0.51319456,0.033878714,1911,4862,AZD-7648,0.05,uM,A549,1
PSMB1,133.02731,-0.0075978437,0.98939556,2356,4862,AZD-8055,0.05,uM,A549,1
PSMB5,94.67225,0.12661904,0.7242307,2356,4862,AZD-8055,0.05,uM,A549,1
PSMB6,101.17275,-0.25013423,0.52404886,2356,4862,AZD-8055,0.05,uM,A549,1
PSMB1,13.141947,1.4119937,0.27779898,1,4862,Abemaciclib,0.05,uM,A549,1
PSMB5,2.6393483,-0.096799605,0.97553587,1,4862,Abemaciclib,0.05,uM,A549,1
PSMB6,2.9889207,-0.27643064,0.9310608,1,4862,Abemaciclib,0.05,uM,A549,1
PSMB1,93.25732,-0.21228069,0.6542352,1630,4862,Adagrasib,0.05,uM,A549,1
PSMB5,75.72482,-0.1842628,0.6384102,1630,4862,Adagrasib,0.05,uM,A549,1
PSMB6,89.94725,-0.16730736,0.71571374,1630,4862,Adagrasib,0.05,uM,A549,1
PSMB1,99.08929,0.23091629,0.49385378,1118,4862,Afatinib,0.05,uM,A549,1
PSMB5,58.214165,-0.21797732,0.61118233,1118,4862,Afatinib,0.05,uM,A549,1
PSMB6,69.844696,-0.29197153,0.6680159,1118,4862,Afatinib,0.05,uM,A549,1
PSMB1,79.34082,-0.26952147,0.53655994,1386,4862,Alpelisib,0.05,uM,A549,1
PSMB5,63.88164,-0.11252793,0.82408315,1386,4862,Alpelisib,0.05,uM,A549,1
PSMB6,69.34008,-0.24894747,0.6219702,1386,4862,Alpelisib,0.05,uM,A549,1
PSMB1,128.14122,-0.15737043,0.6063137,2438,4862,Anastrozole,0.05,uM,A549,1
PSMB5,97.27236,-0.010293373,0.9842041,2438,4862,Anastrozole,0.05,uM,A549,1
PSMB6,101.66958,-0.7968554,3.5312245e-05,2438,4862,Anastrozole,0.05,uM,A549,1
PSMB1,121.13502,-0.12653254,0.74823993,2148,4862,BAY1125976,0.05,uM,A549,1
PSMB5,83.307556,0.014720062,0.9777746,2148,4862,BAY1125976,0.05,uM,A549,1
PSMB6,101.74802,-0.24721798,0.5827624,2148,4862,BAY1125976,0.05,uM,A549,1
PSMB1,93.57401,0.18915603,0.5263745,1291,4862,BI-78D3,0.05,uM,A549,1
PSMB5,67.42082,0.21819416,0.6168095,1291,4862,BI-78D3,0.05,uM,A549,1
PSMB6,78.05023,-0.16045727,0.66147625,1291,4862,BI-78D3,0.05,uM,A549,1
PSMB1,108.78689,0.11524615,0.77989835,2002,4862,BI-3406,0.05,uM,A549,1
PSMB5,79.33876,-0.2872273,0.39102358,2002,4862,BI-3406,0.05,uM,A549,1
PSMB6,91.254944,-0.040357992,0.93355143,2002,4862,BI-3406,0.05,uM,A549,1
PSMB1,113.47208,0.101778954,0.7786449,1750,4862,Belumosudil (mesylate),0.05,uM,A549,1
PSMB5,72.37824,-0.146919,0.72366345,1750,4862,Belumosudil (mesylate),0.05,uM,A549,1
PSMB6,96.4103,-0.11465297,0.746316,1750,4862,Belumosudil (mesylate),0.05,uM,A549,1
PSMB1,12.477889,0.19335523,0.9995679,17,4862,Belzutifan,0.05,uM,A549,1
PSMB5,8.875904,-0.0019750346,0.9995679,17,4862,Belzutifan,0.05,uM,A549,1
PSMB6,7.623667,-1.1827265,0.9570386,17,4862,Belzutifan,0.05,uM,A549,1
PSMB1,93.91797,0.14139171,0.6877357,1393,4862,Bentamapimod,0.05,uM,A549,1
PSMB5,56.89975,-0.5825392,0.060152117,1393,4862,Bentamapimod,0.05,uM,A549,1
PSMB6,68.40787,-0.36813846,0.26442555,1393,4862,Bentamapimod,0.05,uM,A549,1
PSMB1,115.48064,0.17041257,0.50701547,2120,4862,Bimiralisib,0.05,uM,A549,1
PSMB5,80.225815,-0.1776593,0.53903675,2120,4862,Bimiralisib,0.05,uM,A549,1
PSMB6,94.43274,-0.8150069,0.005247571,2120,4862,Bimiralisib,0.05,uM,A549,1
PSMB1,93.334,0.2625515,0.3659036,1727,4862,Binimetinib,0.05,uM,A549,1
PSMB5,73.9598,0.30223382,0.27508688,1727,4862,Binimetinib,0.05,uM,A549,1
PSMB6,84.25545,0.016085887,0.96698034,1727,4862,Binimetinib,0.05,uM,A549,1
PSMB1,124.50031,0.6498639,0.00010199628,1069,4862,Bortezomib,0.05,uM,A549,1
PSMB5,103.625046,0.88404715,1.26399415e-08,1069,4862,Bortezomib,0.05,uM,A549,1
PSMB6,125.19897,1.0131973,1.0050255e-08,1069,4862,Bortezomib,0.05,uM,A549,1
PSMB1,111.11138,0.15356898,0.6772436,1827,4862,Brivudine,0.05,uM,A549,1
PSMB5,71.62842,0.10385926,0.7928457,1827,4862,Brivudine,0.05,uM,A549,1
PSMB6,84.15867,-0.34283367,0.24701606,1827,4862,Brivudine,0.05,uM,A549,1
PSMB1,114.95147,0.12212306,0.69574255,1734,4862,CP21R7,0.05,uM,A549,1
PSMB5,70.84458,-0.21380547,0.5967431,1734,4862,CP21R7,0.05,uM,A549,1
PSMB6,98.271675,-0.05180423,0.8925569,1734,4862,CP21R7,0.05,uM,A549,1
PSMB1,110.66714,0.036876168,0.93718874,1839,4862,Capivasertib,0.05,uM,A549,1
PSMB5,78.89085,0.045419652,0.92867976,1839,4862,Capivasertib,0.05,uM,A549,1
PSMB6,90.765915,-0.12184745,0.8563668,1839,4862,Capivasertib,0.05,uM,A549,1
PSMB1,99.74003,0.283373,0.24600168,1593,4862,Capmatinib,0.05,uM,A549,1
PSMB5,77.79615,0.22468089,0.57034636,1593,4862,Capmatinib,0.05,uM,A549,1
PSMB6,80.323105,-0.1401617,0.73138654,1593,4862,Capmatinib,0.05,uM,A549,1
PSMB1,93.38153,-0.03887901,0.9158954,1168,4862,Celecoxib,0.05,uM,A549,1
PSMB5,60.500507,-0.46813023,0.28300264,1168,4862,Celecoxib,0.05,uM,A549,1
PSMB6,69.86222,-0.6523797,0.10425021,1168,4862,Celecoxib,0.05,uM,A549,1
PSMB1,93.16405,0.036897335,0.9292028,1169,4862,DT-061,0.05,uM,A549,1
PSMB5,63.708447,-0.30615735,0.5220291,1169,4862,DT-061,0.05,uM,A549,1
PSMB6,68.215805,-0.56027555,0.2140366,1169,4862,DT-061,0.05,uM,A549,1
PSMB1,3.4792814,-0.79515517,0.7977709,2,4862,DTP3,0.05,uM,A549,1
PSMB5,2.7325284,-0.4463551,0.8929245,2,4862,DTP3,0.05,uM,A549,1
PSMB6,3.5527616,-0.8251869,0.7888458,2,4862,DTP3,0.05,uM,A549,1
PSMB1,105.98229,-0.12786968,0.71220237,1932,4862,Dabrafenib,0.05,uM,A549,1
PSMB5,80.387405,-0.2614354,0.38165885,1932,4862,Dabrafenib,0.05,uM,A549,1
PSMB6,98.47784,-0.28042564,0.26053625,1932,4862,Dabrafenib,0.05,uM,A549,1
PSMB1,116.97812,0.058926735,0.9068673,1631,4862,ERK5-IN-2,0.05,uM,A549,1
PSMB5,85.67347,0.024645768,0.95716655,1631,4862,ERK5-IN-2,0.05,uM,A549,1
PSMB6,88.75283,-0.77407503,6.519701e-05,1631,4862,ERK5-IN-2,0.05,uM,A549,1
PSMB1,105.90833,0.12479242,0.79685104,1604,4862,ETC-206,0.05,uM,A549,1
PSMB5,68.73755,-0.033206906,0.9495267,1604,4862,ETC-206,0.05,uM,A549,1
PSMB6,84.9913,-0.35538936,0.27118298,1604,4862,ETC-206,0.05,uM,A549,1
PSMB1,88.568474,-0.20954436,0.44935945,1230,4862,EX229,0.05,uM,A549,1
PSMB5,68.115944,-0.15333195,0.6389736,1230,4862,EX229,0.05,uM,A549,1
PSMB6,73.5497,-0.30868998,0.31634298,1230,4862,EX229,0.05,uM,A549,1
PSMB1,107.18604,0.11347723,0.6604501,1473,4862,Elimusertib hydrochloride,0.05,uM,A549,1
PSMB5,71.94517,-0.26576656,0.34301364,1473,4862,Elimusertib hydrochloride,0.05,uM,A549,1
PSMB6,96.611115,0.08963672,0.7493442,1473,4862,Elimusertib hydrochloride,0.05,uM,A549,1
PSMB1,121.17089,0.19481026,0.5233034,2265,4862,Encorafenib,0.05,uM,A549,1
PSMB5,78.77424,-0.12803692,0.73068035,2265,4862,Encorafenib,0.05,uM,A549,1
PSMB6,103.525314,0.0012959334,0.99688065,2265,4862,Encorafenib,0.05,uM,A549,1
PSMB1,115.15305,0.40702406,0.047011007,1845,4862,Erdafitinib ,0.05,uM,A549,1
PSMB5,80.20788,0.07647565,0.8628116,1845,4862,Erdafitinib ,0.05,uM,A549,1
PSMB6,93.93192,-0.12510541,0.6930547,1845,4862,Erdafitinib ,0.05,uM,A549,1
PSMB1,124.17388,0.06438436,0.85760975,2704,4862,Everolimus,0.05,uM,A549,1
PSMB5,96.46977,0.012985282,0.9790873,2704,4862,Everolimus,0.05,uM,A549,1
PSMB6,107.3081,-0.24707687,0.5271258,2704,4862,Everolimus,0.05,uM,A549,1
PSMB1,87.21946,-0.0530528,0.90700036,1725,4862,Futibatinib,0.05,uM,A549,1
PSMB5,63.883175,-0.18134269,0.63753057,1725,4862,Futibatinib,0.05,uM,A549,1
PSMB6,88.95508,-0.10816111,0.77032447,1725,4862,Futibatinib,0.05,uM,A549,1
PSMB1,110.077545,0.060666725,0.90424657,1947,4862,GSK1059615,0.05,uM,A549,1
PSMB5,81.67459,0.032447457,0.94853556,1947,4862,GSK1059615,0.05,uM,A549,1
PSMB6,110.95522,0.21431366,0.38948122,1947,4862,GSK1059615,0.05,uM,A549,1
PSMB1,180.18246,-0.031642374,0.91435856,4317,4862,Gemcitabine,0.05,uM,A549,1
PSMB5,126.17061,0.011042369,0.974294,4317,4862,Gemcitabine,0.05,uM,A549,1
PSMB6,149.19206,-0.32641113,0.22559793,4317,4862,Gemcitabine,0.05,uM,A549,1
PSMB1,78.94287,0.2354293,0.38764927,619,4862,HI-TOPK-032,0.05,uM,A549,1
PSMB5,46.498676,-0.65197176,0.0566069,619,4862,HI-TOPK-032,0.05,uM,A549,1
PSMB6,73.86012,0.08201751,0.84662443,619,4862,HI-TOPK-032,0.05,uM,A549,1
PSMB1,18.613756,0.6063077,0.812866,18,4862,Hydroxyfasudil,0.05,uM,A549,1
PSMB5,10.667773,0.14983284,0.99887997,18,4862,Hydroxyfasudil,0.05,uM,A549,1
PSMB6,6.277655,-2.6032772,0.6797806,18,4862,Hydroxyfasudil,0.05,uM,A549,1
PSMB1,122.908356,0.36625642,0.13758476,2107,4862,IQ 1,0.05,uM,A549,1
PSMB5,77.652016,-0.13477415,0.84186393,2107,4862,IQ 1,0.05,uM,A549,1
PSMB6,93.660774,-0.23038922,0.41671658,2107,4862,IQ 1,0.05,uM,A549,1
PSMB1,99.73948,0.21322906,0.49875703,1759,4862,Infigratinib,0.05,uM,A549,1
PSMB5,72.67173,0.035028204,0.94839954,1759,4862,Infigratinib,0.05,uM,A549,1
PSMB6,84.86509,0.13571243,0.6583425,1759,4862,Infigratinib,0.05,uM,A549,1
PSMB1,86.27712,-0.18661377,0.5817189,1513,4862,Ipatasertib,0.05,uM,A549,1
PSMB5,66.33434,-0.19801113,0.58365345,1513,4862,Ipatasertib,0.05,uM,A549,1
PSMB6,68.16,-0.3514243,0.42332074,1513,4862,Ipatasertib,0.05,uM,A549,1
PSMB1,132.78915,-0.07873081,0.880769,2052,4862,Irinotecan,0.05,uM,A549,1
PSMB5,98.645485,-0.1907798,0.7310598,2052,4862,Irinotecan,0.05,uM,A549,1
PSMB6,110.1647,-0.20206983,0.50901175,2052,4862,Irinotecan,0.05,uM,A549,1
PSMB1,82.35611,0.24465555,0.40747982,904,4862,Ixazomib,0.05,uM,A549,1
PSMB5,62.200836,0.3692165,0.35403308,904,4862,Ixazomib,0.05,uM,A549,1
PSMB6,74.82415,0.07496916,0.8448895,904,4862,Ixazomib,0.05,uM,A549,1
PSMB1,114.97061,-0.24282084,0.41855615,2369,4862,LB-100,0.05,uM,A549,1
PSMB5,88.79546,-0.14172892,0.7499903,2369,4862,LB-100,0.05,uM,A549,1
PSMB6,108.38012,-0.32626772,0.2594874,2369,4862,LB-100,0.05,uM,A549,1
PSMB1,94.970276,0.20168114,0.53951955,1796,4862,LJI308,0.05,uM,A549,1
PSMB5,77.62005,0.4650006,0.086505696,1796,4862,LJI308,0.05,uM,A549,1
PSMB6,102.48524,0.49367714,0.022460598,1796,4862,LJI308,0.05,uM,A549,1
PSMB1,124.70274,0.27310666,0.22598648,1730,4862,LY2090314,0.05,uM,A549,1
PSMB5,71.31457,-0.35941178,0.46181318,1730,4862,LY2090314,0.05,uM,A549,1
PSMB6,95.73532,-0.41148195,0.13680984,1730,4862,LY2090314,0.05,uM,A549,1
PSMB1,86.31803,-0.13568144,0.69763696,1306,4862,LY-2584702 (tosylate salt),0.05,uM,A549,1
PSMB5,64.08594,-0.033079557,0.9679346,1306,4862,LY-2584702 (tosylate salt),0.05,uM,A549,1
PSMB6,69.8093,-0.2147153,0.61763763,1306,4862,LY-2584702 (tosylate salt),0.05,uM,A549,1
PSMB1,96.6609,-0.010404788,0.9845386,1706,4862,Lapatinib ditosylate,0.05,uM,A549,1
PSMB5,70.4773,-0.13009058,0.870243,1706,4862,Lapatinib ditosylate,0.05,uM,A549,1
PSMB6,87.04014,-0.019346556,0.97344303,1706,4862,Lapatinib ditosylate,0.05,uM,A549,1
PSMB1,111.29386,-0.17526267,0.63761276,2485,4862,Lonafarnib,0.05,uM,A549,1
PSMB5,87.372955,0.11184055,0.8121254,2485,4862,Lonafarnib,0.05,uM,A549,1
PSMB6,113.86576,0.016471522,0.97689337,2485,4862,Lonafarnib,0.05,uM,A549,1
PSMB1,100.42708,0.13507178,0.6607553,1394,4862,MK-3903,0.05,uM,A549,1
PSMB5,63.21938,-0.21485782,0.48237997,1394,4862,MK-3903,0.05,uM,A549,1
PSMB6,81.086655,-0.51934916,0.022365475,1394,4862,MK-3903,0.05,uM,A549,1
PSMB1,93.746506,-0.102127455,0.7739074,1875,4862,MK-8353,0.05,uM,A549,1
PSMB5,72.312065,0.0050444654,0.9940708,1875,4862,MK-8353,0.05,uM,A549,1
PSMB6,81.33258,-0.23820084,0.5659559,1875,4862,MK-8353,0.05,uM,A549,1
PSMB1,92.32889,-0.06366739,0.8688896,1409,4862,ML264,0.05,uM,A549,1
PSMB5,64.92775,-0.26260415,0.42777923,1409,4862,ML264,0.05,uM,A549,1
PSMB6,80.07613,-0.23721562,0.49767807,1409,4862,ML264,0.05,uM,A549,1
PSMB1,124.69886,-0.10625722,0.7281575,1811,4862,Minodronic acid,0.05,uM,A549,1
PSMB5,85.73202,-0.17568454,0.5632468,1811,4862,Minodronic acid,0.05,uM,A549,1
PSMB6,97.11507,-0.47075614,0.057709344,1811,4862,Minodronic acid,0.05,uM,A549,1
PSMB1,97.68675,0.025909837,0.9643293,1410,4862,NG25,0.05,uM,A549,1
PSMB5,61.705013,-0.1829495,0.72318035,1410,4862,NG25,0.05,uM,A549,1
PSMB6,87.282166,0.17155224,0.5999205,1410,4862,NG25,0.05,uM,A549,1
PSMB1,128.44695,-0.22260597,0.32172477,2128,4862,NVP-BHG712,0.05,uM,A549,1
PSMB5,81.975525,-0.38073885,0.17825417,2128,4862,NVP-BHG712,0.05,uM,A549,1
PSMB6,109.46824,-0.23016194,0.41059107,2128,4862,NVP-BHG712,0.05,uM,A549,1
PSMB1,79.97798,0.06899741,0.8549684,1523,4862,OTS514,0.05,uM,A549,1
PSMB5,64.22453,-0.09606622,0.8721611,1523,4862,OTS514,0.05,uM,A549,1
PSMB6,79.486305,0.039519675,0.926835,1523,4862,OTS514,0.05,uM,A549,1
PSMB1,115.534615,0.03915208,0.90991586,1658,4862,Oleic acid,0.05,uM,A549,1
PSMB5,79.47111,-0.30025074,0.3767821,1658,4862,Oleic acid,0.05,uM,A549,1
PSMB6,95.5436,-0.29310977,0.25432006,1658,4862,Oleic acid,0.05,uM,A549,1
PSMB1,115.127365,-0.09406025,0.7792319,2232,4862,Oxaliplatin,0.05,uM,A549,1
PSMB5,85.70508,-0.08913625,0.79418683,2232,4862,Oxaliplatin,0.05,uM,A549,1
PSMB6,97.536446,-0.30407095,0.2541536,2232,4862,Oxaliplatin,0.05,uM,A549,1
PSMB1,2.7666428,0.016712578,0.99564135,1,4862,PF-06260933,0.05,uM,A549,1
PSMB5,1.8515952,0.5959217,0.83663476,1,4862,PF-06260933,0.05,uM,A549,1
PSMB6,2.151681,0.37907967,0.89836055,1,4862,PF-06260933,0.05,uM,A549,1
PSMB1,113.16726,0.21811232,0.47390044,1956,4862,PH-797804,0.05,uM,A549,1
PSMB5,77.08304,-0.15581161,0.6684503,1956,4862,PH-797804,0.05,uM,A549,1
PSMB6,102.01092,0.034129515,0.9346008,1956,4862,PH-797804,0.05,uM,A549,1
