gene_name,log2FoldChange,padj,n_cells_trt,n_cells_ctrl,drug,concentration,Cell_Name_Vevo,plate,su
PSMB1,0.6498639,0.00010199628,1069,4862,Bortezomib,0.05,A549,1,b6
PSMB5,0.88404715,1.26399415e-08,1069,4862,Bortezomib,0.05,A549,1,b5
PSMB6,1.0131973,1.0050255e-08,1069,4862,Bortezomib,0.05,A549,1,b1
PSMB1,0.24465555,0.40747982,904,4862,Ixazomib,0.05,A549,1,b6
PSMB5,0.3692165,0.35403308,904,4862,Ixazomib,0.05,A549,1,b5
PSMB6,0.07496916,0.8448895,904,4862,Ixazomib,0.05,A549,1,b1
PSMB1,0.43534338,0.00036132283,2288,7080,Bortezomib,0.5,A549,2,b6
PSMB5,0.914549,1.1814179e-10,2288,7080,Bortezomib,0.5,A549,2,b5
PSMB6,1.1200656,1.7521046e-18,2288,7080,Bortezomib,0.5,A549,2,b1
PSMB1,-0.17495325,0.2957174,3536,7080,Ixazomib,0.5,A549,2,b6
PSMB5,0.11377324,0.67365044,3536,7080,Ixazomib,0.5,A549,2,b5
PSMB6,0.45934656,0.0032215838,3536,7080,Ixazomib,0.5,A549,2,b1
PSMB1,0.40340948,0.30859742,366,2138,Bortezomib,5.0,A549,3,b6
PSMB5,-0.013791488,0.9796477,366,2138,Bortezomib,5.0,A549,3,b5
PSMB6,0.6216644,0.05702542,366,2138,Bortezomib,5.0,A549,3,b1
PSMB1,0.59449047,0.065807275,710,2138,Ixazomib,5.0,A549,3,b6
PSMB5,-0.2198148,0.6813056,710,2138,Ixazomib,5.0,A549,3,b5
PSMB6,0.53413624,0.2743137,710,2138,Ixazomib,5.0,A549,3,b1
PSMB1,0.38243428,0.07073994,1584,4967,Ixazomib citrate,0.05,A549,10,b6
PSMB5,0.27576223,0.5894002,1584,4967,Ixazomib citrate,0.05,A549,10,b5
PSMB6,0.16928701,0.7311587,1584,4967,Ixazomib citrate,0.05,A549,10,b1
PSMB1,0.6050856,9.675206e-06,1565,4846,Ixazomib citrate,0.5,A549,11,b6
PSMB5,1.4887823,9.7946696e-14,1565,4846,Ixazomib citrate,0.5,A549,11,b5
PSMB6,1.3394889,2.6707715e-21,1565,4846,Ixazomib citrate,0.5,A549,11,b1
PSMB1,0.44518578,0.019377584,1364,4023,Ixazomib citrate,5.0,A549,12,b6
PSMB5,1.4157187,5.5508014e-14,1364,4023,Ixazomib citrate,5.0,A549,12,b5
PSMB6,1.2193913,4.4435772e-14,1364,4023,Ixazomib citrate,5.0,A549,12,b1
PSMB1,1.179978,2.4603708e-10,1023,3255,Bortezomib,0.05,COLO 205,1,b6
PSMB5,2.1496794,1.359366e-22,1023,3255,Bortezomib,0.05,COLO 205,1,b5
PSMB6,2.6633186,5.846919e-23,1023,3255,Bortezomib,0.05,COLO 205,1,b1
PSMB1,0.26371282,0.5202448,879,3255,Ixazomib,0.05,COLO 205,1,b6
PSMB5,0.26340777,0.66900706,879,3255,Ixazomib,0.05,COLO 205,1,b5
PSMB6,-0.045113556,0.9605837,879,3255,Ixazomib,0.05,COLO 205,1,b1
PSMB1,0.8923663,1.3426691e-06,1580,3767,Bortezomib,0.5,COLO 205,2,b6
PSMB5,1.6745266,1.2113404e-16,1580,3767,Bortezomib,0.5,COLO 205,2,b5
PSMB6,2.2202494,3.22427e-13,1580,3767,Bortezomib,0.5,COLO 205,2,b1
PSMB1,-0.54123914,0.05211936,2055,3767,Ixazomib,0.5,COLO 205,2,b6
PSMB5,0.28798002,0.61840004,2055,3767,Ixazomib,0.5,COLO 205,2,b5
PSMB6,0.32052654,0.598398,2055,3767,Ixazomib,0.5,COLO 205,2,b1
PSMB1,0.5275893,0.33285767,365,644,Bortezomib,5.0,COLO 205,3,b6
PSMB5,1.5847917,0.038127165,365,644,Bortezomib,5.0,COLO 205,3,b5
PSMB6,1.8729209,0.03148081,365,644,Bortezomib,5.0,COLO 205,3,b1
PSMB1,-0.49929014,0.71174157,475,644,Ixazomib,5.0,COLO 205,3,b6
PSMB5,-0.09875997,0.9577134,475,644,Ixazomib,5.0,COLO 205,3,b5
PSMB6,-0.7056366,,475,644,Ixazomib,5.0,COLO 205,3,b1
PSMB1,0.7870038,0.045342226,1103,2714,Ixazomib citrate,0.05,COLO 205,10,b6
PSMB5,0.33020806,0.6703684,1103,2714,Ixazomib citrate,0.05,COLO 205,10,b5
PSMB6,0.5712269,0.44438094,1103,2714,Ixazomib citrate,0.05,COLO 205,10,b1
PSMB1,1.6840522,6.540597e-10,1101,2694,Ixazomib citrate,0.5,COLO 205,11,b6
PSMB5,2.43175,1.5725485e-08,1101,2694,Ixazomib citrate,0.5,COLO 205,11,b5
PSMB6,2.9252393,2.5983157e-33,1101,2694,Ixazomib citrate,0.5,COLO 205,11,b1
PSMB1,1.3510731,1.7847435e-11,1373,2926,Ixazomib citrate,5.0,COLO 205,12,b6
PSMB5,2.6761029,1.63e-43,1373,2926,Ixazomib citrate,5.0,COLO 205,12,b5
PSMB6,2.7148557,9.8805463e-26,1373,2926,Ixazomib citrate,5.0,COLO 205,12,b1
PSMB1,0.66701895,1.3870278e-08,1140,5142,Bortezomib,0.05,HT-29,1,b6
PSMB5,0.5937992,0.003453874,1140,5142,Bortezomib,0.05,HT-29,1,b5
PSMB6,1.0327405,1.7992865e-09,1140,5142,Bortezomib,0.05,HT-29,1,b1
PSMB1,0.07218965,0.79369503,1236,5142,Ixazomib,0.05,HT-29,1,b6
PSMB5,-0.10621043,0.8239343,1236,5142,Ixazomib,0.05,HT-29,1,b5
PSMB6,0.21152838,0.55604166,1236,5142,Ixazomib,0.05,HT-29,1,b1
PSMB1,0.5950267,1.7752944e-08,1869,5453,Bortezomib,0.5,HT-29,2,b6
PSMB5,0.7136633,0.00071218633,1869,5453,Bortezomib,0.5,HT-29,2,b5
PSMB6,1.0385922,6.589369e-07,1869,5453,Bortezomib,0.5,HT-29,2,b1
PSMB1,-0.115507595,0.3987595,2693,5453,Ixazomib,0.5,HT-29,2,b6
PSMB5,-0.20913918,0.6910976,2693,5453,Ixazomib,0.5,HT-29,2,b5
PSMB6,0.14645208,0.68025225,2693,5453,Ixazomib,0.5,HT-29,2,b1
PSMB1,0.32205337,0.17576858,476,1926,Bortezomib,5.0,HT-29,3,b6
PSMB5,0.8572394,0.1683316,476,1926,Bortezomib,5.0,HT-29,3,b5
PSMB6,0.41891298,0.3705523,476,1926,Bortezomib,5.0,HT-29,3,b1
PSMB1,-0.34880167,0.45871112,741,1926,Ixazomib,5.0,HT-29,3,b6
PSMB5,0.24019566,0.69867533,741,1926,Ixazomib,5.0,HT-29,3,b5
PSMB6,-0.7317921,0.16278487,741,1926,Ixazomib,5.0,HT-29,3,b1
PSMB1,0.24592264,0.1101324,1561,4272,Ixazomib citrate,0.05,HT-29,10,b6
PSMB5,-0.13453597,0.81527287,1561,4272,Ixazomib citrate,0.05,HT-29,10,b5
PSMB6,0.2909615,0.3886267,1561,4272,Ixazomib citrate,0.05,HT-29,10,b1
PSMB1,1.0754194,1.9056758e-19,1356,3868,Ixazomib citrate,0.5,HT-29,11,b6
PSMB5,1.4243318,1.7091312e-12,1356,3868,Ixazomib citrate,0.5,HT-29,11,b5
PSMB6,1.2811078,2.6988611e-14,1356,3868,Ixazomib citrate,0.5,HT-29,11,b1
PSMB1,0.7900411,2.957736e-06,1571,3703,Ixazomib citrate,5.0,HT-29,12,b6
PSMB5,1.241965,7.6378415e-10,1571,3703,Ixazomib citrate,5.0,HT-29,12,b5
PSMB6,0.94165987,0.00082002184,1571,3703,Ixazomib citrate,5.0,HT-29,12,b1
PSMB1,0.29533577,0.0014238511,2345,10609,Bortezomib,0.05,SW480,1,b6
PSMB5,0.69243926,5.6204535e-10,2345,10609,Bortezomib,0.05,SW480,1,b5
PSMB6,0.70714,3.52176e-12,2345,10609,Bortezomib,0.05,SW480,1,b1
PSMB1,-0.0358825,0.8887654,2385,10609,Ixazomib,0.05,SW480,1,b6
PSMB5,-0.1682761,0.41059092,2385,10609,Ixazomib,0.05,SW480,1,b5
PSMB6,0.007547299,0.98232704,2385,10609,Ixazomib,0.05,SW480,1,b1
PSMB1,0.2673466,0.007403513,4685,14701,Bortezomib,0.5,SW480,2,b6
PSMB5,0.6301643,5.5083486e-11,4685,14701,Bortezomib,0.5,SW480,2,b5
PSMB6,0.8434919,7.78771e-18,4685,14701,Bortezomib,0.5,SW480,2,b1
PSMB1,-0.15636551,0.14436662,7231,14701,Ixazomib,0.5,SW480,2,b6
PSMB5,-0.119883195,0.35945818,7231,14701,Ixazomib,0.5,SW480,2,b5
PSMB6,0.018674832,0.9072921,7231,14701,Ixazomib,0.5,SW480,2,b1
PSMB1,0.19713433,0.3827764,965,3059,Bortezomib,5.0,SW480,3,b6
PSMB5,0.07697827,0.8679408,965,3059,Bortezomib,5.0,SW480,3,b5
PSMB6,-0.088929825,0.8282521,965,3059,Bortezomib,5.0,SW480,3,b1
PSMB1,-0.0246532,0.95750564,1365,3059,Ixazomib,5.0,SW480,3,b6
PSMB5,-0.1319508,0.7626714,1365,3059,Ixazomib,5.0,SW480,3,b5
PSMB6,-0.06969233,0.8770373,1365,3059,Ixazomib,5.0,SW480,3,b1
PSMB1,0.3288914,0.00020288385,4954,13066,Ixazomib citrate,0.05,SW480,10,b6
PSMB5,0.10261615,0.57824063,4954,13066,Ixazomib citrate,0.05,SW480,10,b5
PSMB6,0.15946035,0.39816663,4954,13066,Ixazomib citrate,0.05,SW480,10,b1
PSMB1,0.81545097,2.284823e-31,3429,11802,Ixazomib citrate,0.5,SW480,11,b6
PSMB5,1.2549069,7.780526e-31,3429,11802,Ixazomib citrate,0.5,SW480,11,b5
PSMB6,1.3282093,9.44813e-20,3429,11802,Ixazomib citrate,0.5,SW480,11,b1
PSMB1,0.6447466,1.7211904e-11,4931,12994,Ixazomib citrate,5.0,SW480,12,b6
PSMB5,1.1006962,3.917733e-38,4931,12994,Ixazomib citrate,5.0,SW480,12,b5
PSMB6,1.1034402,3.6952055e-24,4931,12994,Ixazomib citrate,5.0,SW480,12,b1
PSMB1,0.29900655,0.1601791,488,2569,Bortezomib,0.05,HS-578T,1,b6
PSMB5,0.6156846,0.050830495,488,2569,Bortezomib,0.05,HS-578T,1,b5
PSMB6,0.7345012,0.0024045527,488,2569,Bortezomib,0.05,HS-578T,1,b1
PSMB1,-0.010568033,0.98278624,463,2569,Ixazomib,0.05,HS-578T,1,b6
PSMB5,-0.44181043,0.42312658,463,2569,Ixazomib,0.05,HS-578T,1,b5
PSMB6,0.37561268,0.3495535,463,2569,Ixazomib,0.05,HS-578T,1,b1
PSMB1,0.1731086,0.34196198,966,3831,Bortezomib,0.5,HS-578T,2,b6
PSMB5,0.28613344,0.38650855,966,3831,Bortezomib,0.5,HS-578T,2,b5
PSMB6,0.4462156,0.04897539,966,3831,Bortezomib,0.5,HS-578T,2,b1
PSMB1,-0.08862035,0.75172544,1535,3831,Ixazomib,0.5,HS-578T,2,b6
PSMB5,-0.22259222,0.65445435,1535,3831,Ixazomib,0.5,HS-578T,2,b5
PSMB6,-0.21035083,0.4774156,1535,3831,Ixazomib,0.5,HS-578T,2,b1
PSMB1,0.47973743,0.32878417,117,1694,Bortezomib,5.0,HS-578T,3,b6
PSMB5,0.79072946,0.32702795,117,1694,Bortezomib,5.0,HS-578T,3,b5
PSMB6,-1.58219,0.22475158,117,1694,Bortezomib,5.0,HS-578T,3,b1
PSMB1,0.29131702,0.4021871,400,1694,Ixazomib,5.0,HS-578T,3,b6
PSMB5,0.13519569,0.8841124,400,1694,Ixazomib,5.0,HS-578T,3,b5
PSMB6,-0.5191232,0.40292388,400,1694,Ixazomib,5.0,HS-578T,3,b1
PSMB1,0.38931915,0.012894572,1099,4484,Ixazomib citrate,0.05,HS-578T,10,b6
PSMB5,0.5599783,0.022229437,1099,4484,Ixazomib citrate,0.05,HS-578T,10,b5
PSMB6,0.74973166,0.0005411644,1099,4484,Ixazomib citrate,0.05,HS-578T,10,b1
PSMB1,0.68434703,3.1422838e-09,1061,4032,Ixazomib citrate,0.5,HS-578T,11,b6
PSMB5,1.0039433,2.8147537e-05,1061,4032,Ixazomib citrate,0.5,HS-578T,11,b5
PSMB6,1.3235021,3.0666956e-07,1061,4032,Ixazomib citrate,0.5,HS-578T,11,b1
PSMB1,0.4749817,0.0045603407,554,2811,Ixazomib citrate,5.0,HS-578T,12,b6
PSMB5,0.3090578,0.43604666,554,2811,Ixazomib citrate,5.0,HS-578T,12,b5
PSMB6,0.2250554,0.40042967,554,2811,Ixazomib citrate,5.0,HS-578T,12,b1
PSMB1,0.5971861,1.8027433e-06,1979,7271,Bortezomib,0.05,LoVo,1,b6
PSMB5,0.91811335,1.3179913e-11,1979,7271,Bortezomib,0.05,LoVo,1,b5
PSMB6,0.3900789,0.07383722,1979,7271,Bortezomib,0.05,LoVo,1,b1
PSMB1,-0.08512942,0.6497681,2009,7271,Ixazomib,0.05,LoVo,1,b6
PSMB5,-0.20023483,0.5333414,2009,7271,Ixazomib,0.05,LoVo,1,b5
PSMB6,-0.023810845,0.9579812,2009,7271,Ixazomib,0.05,LoVo,1,b1
PSMB1,0.57110924,2.2093963e-13,3241,9330,Bortezomib,0.5,LoVo,2,b6
PSMB5,0.6609301,4.584622e-11,3241,9330,Bortezomib,0.5,LoVo,2,b5
PSMB6,0.634962,0.005519461,3241,9330,Bortezomib,0.5,LoVo,2,b1
PSMB1,-0.037861343,0.7815329,4948,9330,Ixazomib,0.5,LoVo,2,b6
PSMB5,-0.2327597,0.08118912,4948,9330,Ixazomib,0.5,LoVo,2,b5
PSMB6,-0.13777636,0.5784421,4948,9330,Ixazomib,0.5,LoVo,2,b1
PSMB1,0.3415788,0.09371629,559,2592,Bortezomib,5.0,LoVo,3,b6
PSMB5,0.4067667,0.12242407,559,2592,Bortezomib,5.0,LoVo,3,b5
PSMB6,-0.5054868,0.18018034,559,2592,Bortezomib,5.0,LoVo,3,b1
PSMB1,-0.1594576,0.5288185,811,2592,Ixazomib,5.0,LoVo,3,b6
PSMB5,-0.46062273,0.104815036,811,2592,Ixazomib,5.0,LoVo,3,b5
PSMB6,-0.093985274,0.8453551,811,2592,Ixazomib,5.0,LoVo,3,b1
PSMB1,0.3267617,0.04205523,2057,4829,Ixazomib citrate,0.05,LoVo,10,b6
PSMB5,0.19622035,0.46784115,2057,4829,Ixazomib citrate,0.05,LoVo,10,b5
PSMB6,-0.021495808,0.9695702,2057,4829,Ixazomib citrate,0.05,LoVo,10,b1
PSMB1,1.1449864,4.090809e-23,1456,4280,Ixazomib citrate,0.5,LoVo,11,b6
PSMB5,1.291502,7.477446e-25,1456,4280,Ixazomib citrate,0.5,LoVo,11,b5
PSMB6,1.5878887,2.6396717e-21,1456,4280,Ixazomib citrate,0.5,LoVo,11,b1
PSMB1,1.0035889,8.069158e-34,1961,4512,Ixazomib citrate,5.0,LoVo,12,b6
PSMB5,1.3291091,2.2759963e-34,1961,4512,Ixazomib citrate,5.0,LoVo,12,b5
PSMB6,1.0569787,1.7212229e-12,1961,4512,Ixazomib citrate,5.0,LoVo,12,b1
PSMB1,0.46826357,0.018120185,1005,4070,Bortezomib,0.05,SW1417,1,b6
PSMB5,0.74438876,1.2590135e-05,1005,4070,Bortezomib,0.05,SW1417,1,b5
PSMB6,0.40816566,0.16202517,1005,4070,Bortezomib,0.05,SW1417,1,b1
PSMB1,-0.08300061,0.788557,827,4070,Ixazomib,0.05,SW1417,1,b6
PSMB5,0.0017256001,0.99776316,827,4070,Ixazomib,0.05,SW1417,1,b5
PSMB6,0.18803497,0.6324103,827,4070,Ixazomib,0.05,SW1417,1,b1
PSMB1,0.3586221,0.0008168688,1705,5110,Bortezomib,0.5,SW1417,2,b6
PSMB5,0.43040797,0.02144925,1705,5110,Bortezomib,0.5,SW1417,2,b5
PSMB6,0.8135251,0.001376474,1705,5110,Bortezomib,0.5,SW1417,2,b1
PSMB1,0.054347094,0.8307457,2611,5110,Ixazomib,0.5,SW1417,2,b6
PSMB5,-0.21010713,0.47867945,2611,5110,Ixazomib,0.5,SW1417,2,b5
PSMB6,0.03328978,0.941971,2611,5110,Ixazomib,0.5,SW1417,2,b1
PSMB1,0.28358328,0.24796158,468,1885,Bortezomib,5.0,SW1417,3,b6
PSMB5,0.08139234,0.87468183,468,1885,Bortezomib,5.0,SW1417,3,b5
PSMB6,0.373988,0.36391032,468,1885,Bortezomib,5.0,SW1417,3,b1
PSMB1,-0.08197297,0.8378154,612,1885,Ixazomib,5.0,SW1417,3,b6
PSMB5,-0.10448559,0.866858,612,1885,Ixazomib,5.0,SW1417,3,b5
PSMB6,0.4583613,0.3365631,612,1885,Ixazomib,5.0,SW1417,3,b1
PSMB1,0.2612919,0.1773827,1291,3575,Ixazomib citrate,0.05,SW1417,10,b6
PSMB5,-0.20994516,0.5819025,1291,3575,Ixazomib citrate,0.05,SW1417,10,b5
PSMB6,0.07272893,0.8996212,1291,3575,Ixazomib citrate,0.05,SW1417,10,b1
PSMB1,0.54468685,0.0039828955,1068,3190,Ixazomib citrate,0.5,SW1417,11,b6
PSMB5,0.44251844,0.15085079,1068,3190,Ixazomib citrate,0.5,SW1417,11,b5
PSMB6,0.89645845,0.027343601,1068,3190,Ixazomib citrate,0.5,SW1417,11,b1
PSMB1,0.44197148,0.00072264473,1417,3366,Ixazomib citrate,5.0,SW1417,12,b6
PSMB5,0.63398385,0.01686137,1417,3366,Ixazomib citrate,5.0,SW1417,12,b5
PSMB6,0.507596,0.11688059,1417,3366,Ixazomib citrate,5.0,SW1417,12,b1
PSMB1,1.0468035,3.050481e-19,1114,4362,Bortezomib,0.05,RKO,1,b6
PSMB5,-0.0050242855,0.99002045,1114,4362,Bortezomib,0.05,RKO,1,b5
PSMB6,0.36227703,0.14987126,1114,4362,Bortezomib,0.05,RKO,1,b1
PSMB1,0.15706971,0.6241308,903,4362,Ixazomib,0.05,RKO,1,b6
PSMB5,-0.36087728,0.43720612,903,4362,Ixazomib,0.05,RKO,1,b5
PSMB6,-0.21636382,0.6770665,903,4362,Ixazomib,0.05,RKO,1,b1
PSMB1,0.8331777,9.762898e-16,1808,5984,Bortezomib,0.5,RKO,2,b6
PSMB5,0.48110053,0.014020726,1808,5984,Bortezomib,0.5,RKO,2,b5
PSMB6,-0.24640788,0.39305314,1808,5984,Bortezomib,0.5,RKO,2,b1
PSMB1,-0.018524412,0.9483716,2267,5984,Ixazomib,0.5,RKO,2,b6
PSMB5,-0.058343273,0.87661326,2267,5984,Ixazomib,0.5,RKO,2,b5
PSMB6,0.34233642,0.20958455,2267,5984,Ixazomib,0.5,RKO,2,b1
PSMB1,0.13011387,0.7520775,368,1430,Bortezomib,5.0,RKO,3,b6
PSMB5,-0.26561272,0.67344445,368,1430,Bortezomib,5.0,RKO,3,b5
PSMB6,-0.51674086,0.39792866,368,1430,Bortezomib,5.0,RKO,3,b1
PSMB1,-0.12105697,0.8763823,790,1430,Ixazomib,5.0,RKO,3,b6
PSMB5,-0.7342807,0.22377893,790,1430,Ixazomib,5.0,RKO,3,b5
PSMB6,0.13913742,0.90827,790,1430,Ixazomib,5.0,RKO,3,b1
